<?xml version="1.0" encoding="UTF-8"?>
<beans xmlns="http://www.springframework.org/schema/beans"
	xmlns:xsi="http://www.w3.org/2001/XMLSchema-instance"
	xmlns:mvc="http://www.springframework.org/schema/mvc"
	xmlns:task="http://www.springframework.org/schema/task"
	xmlns:websocket="http://www.springframework.org/schema/websocket"
	xsi:schemaLocation="http://www.springframework.org/schema/websocket http://www.springframework.org/schema/websocket/spring-websocket-4.3.xsd
		http://www.springframework.org/schema/mvc http://www.springframework.org/schema/mvc/spring-mvc-4.3.xsd
		http://www.springframework.org/schema/task http://www.springframework.org/schema/task/spring-task-4.3.xsd
		http://www.springframework.org/schema/beans http://www.springframework.org/schema/beans/spring-beans.xsd">

<mvc:annotation-driven></mvc:annotation-driven>

<!-- Controller -->
<bean class="part01.StartController" />

<!-- WebSocket 등록 -->
<bean id="chatWebSocketHandler"
      class="part01.ChatWebSocketHandler" />
      
      
<websocket:handlers>
    <websocket:mapping handler="chatWebSocketHandler" path="/chatws.do"/>
</websocket:handlers>

<!-- View -->
	<bean
		class="org.springframework.web.servlet.view.InternalResourceViewResolver">
		<property name="prefix" value="/WEB-INF/views/" />
		<property name="suffix" value=".jsp" />
	</bean>
</beans>
